{"cameraMode":{"drawMode":0,"name":"Shaded","section":"Shading Mode"},"sceneLighting":false,"audioPlay":false,"sceneViewState":{"m_AlwaysRefresh":false,"showFog":true,"showSkybox":false,"showFlares":true,"showImageEffects":true,"showParticleSystems":true,"showVisualEffectGraphs":true,"m_FxEnabled":true},"in2DMode":false,"pivot":{"x":54.478694915771487,"y":55.0135498046875,"z":299.9967041015625},"rotation":{"x":0.06444109231233597,"y":-0.020955156534910203,"z":0.001353464205749333,"w":0.9976996779441834},"size":0.8660253882408142,"orthographic":false}