{"cameraMode":{"drawMode":0,"name":"Shaded","section":"Shading Mode"},"sceneLighting":true,"audioPlay":false,"sceneViewState":{"m_AlwaysRefresh":false,"showFog":true,"showSkybox":false,"showFlares":true,"showImageEffects":true,"showParticleSystems":true,"showVisualEffectGraphs":true,"m_FxEnabled":true},"in2DMode":false,"pivot":{"x":8.05119800567627,"y":30.650890350341798,"z":-246.07618713378907},"rotation":{"x":0.06444109231233597,"y":-0.020955156534910203,"z":0.001353464205749333,"w":0.9976996779441834},"size":12.12435531616211,"orthographic":false}